threshold,acc,kappa,mdt_steps_mean,commit_rate,return_mean
0.5,0.7023313492063491,0.4046626984126984,1.0,1.0,0.3946626984126984
0.6,0.7331845238095238,0.4663690476190476,2.8890873015873013,1.0,0.43747817460317456
0.7,0.7282738095238095,0.456547619047619,5.046676587301587,1.0,0.4060808531746033
0.8,0.7194940476190476,0.43898809523809523,6.658531746031745,1.0,0.3724027777777778
0.9,0.7048611111111112,0.4097222222222222,7.805704365079366,1.0,0.33166517857142863
0.95,0.7006944444444444,0.4013888888888889,8.319593253968256,1.0,0.3181929563492064
