subject,n_trials,acc,kappa,mdt_steps_mean,commit_rate,mean_commit_step,action_frac_continue,action_frac_commit_left,action_frac_commit_right,return_mean,spike_rate_mean,csp_lda_acc,csp_lda_kappa
1,320,0.675,0.35,1.79375,0.978125,1.6325878594249201,0.4547038327526132,0.4024390243902439,0.14285714285714285,0.34375,0.0,0.6625,0.32499999999999996
2,280,0.6071428571428571,0.2142857142857143,1.8214285714285714,0.975,1.6373626373626373,0.4647058823529412,0.26862745098039215,0.26666666666666666,0.17857142857142858,0.0,0.5464285714285714,0.09285714285714286
3,320,0.525,0.050000000000000044,2.884375,0.88125,2.0602836879432624,0.6944745395449621,0.16034669555796316,0.14517876489707476,-0.05,0.0,0.521875,0.043749999999999956
4,320,0.871875,0.74375,1.8,0.96875,1.5677419354838709,0.4618055555555556,0.21354166666666666,0.3246527777777778,0.68125,0.0,0.93125,0.8625
5,320,0.671875,0.34375,2.559375,0.93125,2.0838926174496644,0.6361416361416361,0.25274725274725274,0.1111111111111111,0.30625,0.0,0.703125,0.40625
6,320,0.803125,0.60625,2.31875,0.96875,2.1032258064516127,0.5822102425876011,0.1495956873315364,0.26819407008086255,0.575,0.0,0.79375,0.5875
7,320,0.6625,0.32499999999999996,1.440625,1.0,1.440625,0.30585683297180044,0.44685466377440347,0.2472885032537961,0.325,0.0,0.703125,0.40625
8,320,0.85625,0.7125,1.671875,0.98125,1.5318471337579618,0.4130841121495327,0.2766355140186916,0.3102803738317757,0.6875,0.0,0.8875,0.775
9,320,0.753125,0.50625,3.0375,0.875,2.1857142857142855,0.7119341563786008,0.18209876543209877,0.10596707818930041,0.40625,0.0,0.803125,0.60625
