subject,n_trials,acc,kappa,mdt_steps_mean,commit_rate,mean_commit_step,action_frac_continue,action_frac_commit_left,action_frac_commit_right,return_mean,spike_rate_mean,csp_lda_acc,csp_lda_kappa
1,320,0.646875,0.29374999999999996,1.859375,0.99375,1.8144654088050314,0.46554621848739497,0.4151260504201681,0.11932773109243698,0.2875,0.3924584524972098,0.6625,0.32499999999999996
2,280,0.6214285714285714,0.24285714285714288,1.8178571428571428,0.9964285714285714,1.7921146953405018,0.4518664047151277,0.25343811394891946,0.29469548133595286,0.2357142857142857,0.3750449694851899,0.5464285714285714,0.09285714285714286
3,320,0.55625,0.11250000000000004,2.025,0.9875,1.9367088607594938,0.5123456790123457,0.23148148148148148,0.25617283950617287,0.1,0.35139832511780755,0.521875,0.043749999999999956
4,320,0.878125,0.75625,1.403125,0.996875,1.3793103448275863,0.289532293986637,0.29398663697104677,0.41648106904231624,0.75,0.40407471671937,0.93125,0.8625
5,320,0.715625,0.43125,1.975,0.99375,1.930817610062893,0.49683544303797467,0.3338607594936709,0.16930379746835442,0.425,0.3955342465355283,0.703125,0.40625
6,320,0.775,0.55,1.6375,1.0,1.6375,0.3893129770992366,0.2099236641221374,0.40076335877862596,0.55,0.3442849004836309,0.79375,0.5875
7,320,0.671875,0.34375,1.728125,1.0,1.728125,0.4213381555153707,0.36347197106690776,0.21518987341772153,0.34375,0.36958037845672126,0.703125,0.40625
8,320,0.84375,0.6875,1.546875,0.9875,1.4525316455696202,0.3616161616161616,0.2828282828282828,0.35555555555555557,0.66875,0.4104014078776041,0.8875,0.775
9,320,0.771875,0.54375,2.128125,0.978125,1.97444089456869,0.540381791483113,0.2878120411160059,0.17180616740088106,0.50625,0.3528315904405382,0.803125,0.60625
