metric,mean,std
acc,0.634375,0.0
kappa,0.26875000000000004,0.0
mdt_steps_mean,2.35,0.0
commit_rate,1.0,0.0
mean_commit_step,2.35,0.0
action_frac_continue,0.574468085106383,0.0
action_frac_commit_left,0.28856382978723405,0.0
action_frac_commit_right,0.13696808510638298,0.0
return_mean,0.24524999999999997,0.0
spike_rate_mean,0.10103410024491566,0.0
csp_lda_acc,0.6625,0.0
csp_lda_kappa,0.32499999999999996,0.0
