subject,n_trials,acc,kappa,mdt_steps_mean,commit_rate,mean_commit_step,action_frac_continue,action_frac_commit_left,action_frac_commit_right,return_mean,spike_rate_mean,csp_lda_acc,csp_lda_kappa
1,320,0.625,0.25,2.071875,0.975,1.8942307692307692,0.5294117647058824,0.39215686274509803,0.0784313725490196,0.24375,0.42187718467106894,0.6625,0.32499999999999996
2,280,0.6071428571428571,0.2142857142857143,2.3535714285714286,0.9821428571428571,2.232727272727273,0.582701062215478,0.22610015174506828,0.19119878603945373,0.2,0.4002807783269558,0.5464285714285714,0.09285714285714286
3,320,0.546875,0.09375,2.184375,0.984375,2.0761904761904764,0.5493562231759657,0.24034334763948498,0.21030042918454936,0.0875,0.38029909164186504,0.521875,0.043749999999999956
4,320,0.896875,0.79375,1.78125,0.975,1.5961538461538463,0.45263157894736844,0.24035087719298245,0.30701754385964913,0.75625,0.42390637594556047,0.93125,0.8625
5,320,0.66875,0.3375,2.490625,0.965625,2.2588996763754046,0.6122961104140527,0.28983688833124216,0.09786700125470514,0.31875,0.4286961921812996,0.703125,0.40625
6,320,0.790625,0.58125,1.878125,0.99375,1.8333333333333333,0.47088186356073214,0.20133111480865223,0.3277870216306156,0.575,0.3683910357762897,0.79375,0.5875
7,320,0.6375,0.275,1.96875,0.9875,1.879746835443038,0.4984126984126984,0.33650793650793653,0.16507936507936508,0.2625,0.3986143178788442,0.703125,0.40625
8,320,0.865625,0.73125,1.975,0.978125,1.817891373801917,0.504746835443038,0.2310126582278481,0.26424050632911394,0.71875,0.43000483437189985,0.8875,0.775
9,320,0.765625,0.53125,2.196875,0.98125,2.06687898089172,0.5533428165007113,0.29160739687055476,0.155049786628734,0.5,0.38668883792937747,0.803125,0.60625
