subject,n_trials,acc,kappa,mdt_steps_mean,commit_rate,mean_commit_step,action_frac_continue,action_frac_commit_left,action_frac_commit_right,return_mean,spike_rate_mean,csp_lda_acc,csp_lda_kappa
1,320,0.61875,0.23750000000000004,1.840625,0.984375,1.726984126984127,0.46519524617996605,0.4465195246179966,0.08828522920203735,0.2375,0.4251830424959698,0.6625,0.32499999999999996
2,280,0.6107142857142858,0.22142857142857142,1.9035714285714285,0.9964285714285714,1.8781362007168458,0.47654784240150094,0.2776735459662289,0.24577861163227016,0.22142857142857142,0.383392381040958,0.5464285714285714,0.09285714285714286
3,320,0.54375,0.08750000000000002,1.965625,0.99375,1.921383647798742,0.4944356120826709,0.2861685214626391,0.21939586645468998,0.0875,0.36549474322606645,0.521875,0.043749999999999956
4,320,0.903125,0.80625,1.49375,0.996875,1.4702194357366771,0.33263598326359833,0.2928870292887029,0.37447698744769875,0.8,0.41762052990141374,0.93125,0.8625
5,320,0.684375,0.36875,2.0875,0.9875,2.0,0.5269461077844312,0.33083832335329344,0.14221556886227546,0.36875,0.41519447932167663,0.703125,0.40625
6,320,0.796875,0.59375,1.740625,0.996875,1.7178683385579938,0.4272890484739677,0.21903052064631956,0.35368043087971274,0.5875,0.34836236378503227,0.79375,0.5875
7,320,0.634375,0.26875000000000004,1.696875,0.990625,1.6277602523659307,0.4162062615101289,0.40515653775322286,0.17863720073664824,0.2625,0.39731602744450645,0.703125,0.40625
8,320,0.8875,0.775,1.734375,0.99375,1.6886792452830188,0.42702702702702705,0.2918918918918919,0.2810810810810811,0.76875,0.4247159879169766,0.8875,0.775
9,320,0.759375,0.51875,2.215625,0.98125,2.0859872611464967,0.5571227080394923,0.29760225669957685,0.14527503526093088,0.5,0.37726105705140134,0.803125,0.60625
