subject,n_trials,acc,kappa,mdt_steps_mean,commit_rate,mean_commit_step,action_frac_continue,action_frac_commit_left,action_frac_commit_right,return_mean,spike_rate_mean,csp_lda_acc,csp_lda_kappa
1,320,0.6625,0.32499999999999996,1.228125,1.0,1.228125,0.18575063613231552,0.6106870229007634,0.2035623409669211,0.325,0.0,0.6625,0.32499999999999996
2,280,0.5892857142857143,0.1785714285714286,1.707142857142857,0.9821428571428571,1.5745454545454545,0.4246861924686193,0.28870292887029286,0.28661087866108786,0.17857142857142858,0.0,0.5464285714285714,0.09285714285714286
3,320,0.51875,0.03749999999999998,1.9375,0.9625,1.6623376623376624,0.5032258064516129,0.25806451612903225,0.23870967741935484,0.00625,0.0,0.521875,0.043749999999999956
4,320,0.890625,0.78125,1.425,0.99375,1.3773584905660377,0.3026315789473684,0.31359649122807015,0.38377192982456143,0.76875,0.0,0.93125,0.8625
5,320,0.665625,0.33125000000000004,1.69375,0.98125,1.5541401273885351,0.42066420664206644,0.43357933579335795,0.14575645756457564,0.325,0.0,0.703125,0.40625
6,320,0.7625,0.525,1.671875,0.98125,1.5318471337579618,0.4130841121495327,0.20934579439252338,0.3775700934579439,0.5,0.0,0.79375,0.5875
7,320,0.665625,0.33125000000000004,1.303125,1.0,1.303125,0.23261390887290168,0.47721822541966424,0.290167865707434,0.33125,0.0,0.703125,0.40625
8,320,0.85625,0.7125,1.290625,0.996875,1.2664576802507836,0.22760290556900725,0.36561743341404357,0.4067796610169492,0.7125,0.0,0.8875,0.775
9,320,0.70625,0.4125,1.965625,0.96875,1.738709677419355,0.5071542130365659,0.32114467408585057,0.17170111287758347,0.4,0.0,0.803125,0.60625
