threshold,acc,kappa,mdt_steps_mean,commit_rate,return_mean
0.5,0.7498015873015873,0.49960317460317466,1.0,1.0,0.48960317460317465
0.6,0.7597718253968254,0.5195436507936508,1.7753472222222222,1.0,0.5017901785714286
0.7,0.7605158730158731,0.521031746031746,2.6148313492063497,1.0,0.49488343253968264
0.8,0.7627480158730159,0.5254960317460318,3.301488095238095,1.0,0.4924811507936508
0.9,0.7620535714285713,0.5241071428571429,3.983829365079365,1.0,0.4842688492063492
0.95,0.7621031746031746,0.5242063492063491,4.370783730158731,1.0,0.4804985119047619
