subject,n_trials,acc,kappa,mdt_steps_mean,commit_rate,mean_commit_step,action_frac_continue,action_frac_commit_left,action_frac_commit_right,return_mean,spike_rate_mean,csp_lda_acc,csp_lda_kappa
1,320,0.646875,0.29374999999999996,2.64375,0.928125,2.1515151515151514,0.648936170212766,0.2789598108747045,0.07210401891252956,0.275,0.0,0.6625,0.32499999999999996
2,280,0.6035714285714285,0.20714285714285718,2.132142857142857,0.9571428571428572,1.8246268656716418,0.5510887772194305,0.22278056951423786,0.22613065326633167,0.15714285714285714,0.0,0.5464285714285714,0.09285714285714286
3,320,0.534375,0.06874999999999998,3.321875,0.828125,2.1433962264150943,0.7507055503292568,0.12417685794920037,0.1251175917215428,-0.0875,0.0,0.521875,0.043749999999999956
4,320,0.89375,0.7875,2.040625,0.959375,1.745928338762215,0.5298621745788668,0.19448698315467075,0.27565084226646247,0.7125,0.0,0.93125,0.8625
5,320,0.65,0.30000000000000004,3.13125,0.8875,2.387323943661972,0.716566866267465,0.21357285429141717,0.06986027944111776,0.25625,0.0,0.703125,0.40625
6,320,0.796875,0.59375,2.71875,0.93125,2.2550335570469797,0.6574712643678161,0.10689655172413794,0.23563218390804597,0.4875,0.0,0.79375,0.5875
7,320,0.659375,0.31875,2.053125,0.9625,1.7824675324675325,0.5312024353120244,0.2968036529680365,0.1719939117199391,0.28125,0.0,0.703125,0.40625
8,320,0.884375,0.76875,1.821875,0.98125,1.6847133757961783,0.4614065180102916,0.2521440823327616,0.2864493996569468,0.75,0.0,0.8875,0.775
9,320,0.725,0.44999999999999996,4.00625,0.775,2.556451612903226,0.8065522620904836,0.12324492979719189,0.07020280811232449,0.25625,0.0,0.803125,0.60625
