metric,mean,std
acc,0.565625,0.0
kappa,0.13124999999999998,0.0
mdt_steps_mean,3.61875,0.0
commit_rate,1.0,0.0
mean_commit_step,3.61875,0.0
action_frac_continue,0.7236614853195165,0.0
action_frac_commit_left,0.18221070811744386,0.0
action_frac_commit_right,0.09412780656303972,0.0
return_mean,0.09506249999999997,0.0
spike_rate_mean,0.0,0.0
csp_lda_acc,0.6625,0.0
csp_lda_kappa,0.32499999999999996,0.0
